Page URL,Title,Meta Description,Meta Keywords,Robots,Hosting IP
https://mlbam-park.b12sites.com/index,MLBAM Park: Your One-Stop Residential Hub,"Effortlessly manage your account, shop products, and schedule tours at MLBAM Park.",,,52.22.145.238
https://mlbam-park.b12sites.com/,MLBAM Park: Your One-Stop Residential Hub,"Effortlessly manage your account, shop products, and schedule tours at MLBAM Park.",,,52.22.145.238
https://mlbam-park.b12sites.com/fitness-center-membership,Fitness center membership,Achieve your fitness goals with comprehensive support.,,,52.22.145.238
https://mlbam-park.b12sites.com/index#contact,MLBAM Park: Your One-Stop Residential Hub,"Effortlessly manage your account, shop products, and schedule tours at MLBAM Park.",,,52.22.145.238
https://mlbam-park.b12sites.com/eco-friendly-kitchen-essentials,Eco-friendly kitchen essentials,Sustainable and stylish kitchen tools for eco-conscious cooks.,,,52.22.145.238
https://mlbam-park.b12sites.com/index#products,MLBAM Park: Your One-Stop Residential Hub,"Effortlessly manage your account, shop products, and schedule tours at MLBAM Park.",,,52.22.145.238
https://mlbam-park.b12sites.com/luxury-studio-apartment,Luxury studio apartment,Modern living at its finest with stunning views.,,,52.22.145.238
https://mlbam-park.b12sites.com/index#about,MLBAM Park: Your One-Stop Residential Hub,"Effortlessly manage your account, shop products, and schedule tours at MLBAM Park.",,,52.22.145.238
https://mlbam-park.b12sites.com/index#home,MLBAM Park: Your One-Stop Residential Hub,"Effortlessly manage your account, shop products, and schedule tours at MLBAM Park.",,,52.22.145.238
https://mlbam-park.b12sites.com/index#sb-page-structure,MLBAM Park: Your One-Stop Residential Hub,"Effortlessly manage your account, shop products, and schedule tours at MLBAM Park.",,,52.22.145.238
https://mlbam-park.b12sites.com/luxury-studio-apartment#sb-page-structure,Luxury studio apartment,Modern living at its finest with stunning views.,,,52.22.145.238
https://mlbam-park.b12sites.com/eco-friendly-kitchen-essentials#sb-page-structure,Eco-friendly kitchen essentials,Sustainable and stylish kitchen tools for eco-conscious cooks.,,,52.22.145.238
https://mlbam-park.b12sites.com/fitness-center-membership#sb-page-structure,Fitness center membership,Achieve your fitness goals with comprehensive support.,,,52.22.145.238
https://mlbam-park.b12sites.com/#sb-page-structure,MLBAM Park: Your One-Stop Residential Hub,"Effortlessly manage your account, shop products, and schedule tours at MLBAM Park.",,,52.22.145.238
